Date,Open,High,Low,Close,Volume
2024-08-03,44391.3,44598.26,44177.33,44493.42,26339545
2024-08-04,43865.2,44155.5,43821.3,44097.99,33674265
2024-08-05,44531.81,44641.78,44125.32,44445.57,8401502
2024-08-06,45332.07,45462.51,45168.28,45371.88,35045174
2024-08-07,44455.05,44714.42,44326.49,44666.09,40264245
2024-08-08,44809.65,44911.32,44678.82,44797.99,37133941
2024-08-09,45166.55,45292.61,44819.13,44982.8,3627031
2024-08-10,45178.17,45277.83,45101.56,45113.41,49988131
2024-08-11,45226.45,45332.3,45116.99,45123.44,40069689
2024-08-12,45923.38,46350.5,45919.76,46040.37,26229055
2024-08-13,46763.56,46794.14,46708.83,46739.29,12190386
2024-08-14,46644.62,46685.76,46616.5,46623.61,28090857
2024-08-15,46701.11,46751.63,46412.92,46414.81,41592894
2024-08-16,46557.24,46753.79,46447.27,46714.73,9363123
2024-08-17,46330.46,46618.61,46158.1,46225.22,23553529
2024-08-18,45339.97,45688.61,45232.86,45675.74,16346823
2024-08-19,46021.04,46298.51,45989.61,46220.51,10257164
2024-08-20,46805.92,47114.78,46662.68,46750.73,33581710
2024-08-21,46648.78,46922.56,46630.33,46836.92,19509371
2024-08-22,47062.8,47277.49,46896.22,47148.36,18249741
2024-08-23,46741.04,46911.56,46581.51,46658.04,11608377
2024-08-24,45229.52,46071.09,45191.0,45749.36,16351385
2024-08-25,45315.49,45721.55,45187.22,45649.35,2496506
2024-08-26,45740.42,46053.59,45382.4,45852.8,31440462
2024-08-27,45529.92,45634.29,45485.06,45632.79,1844474
2024-08-28,45633.35,45705.12,45471.6,45538.55,10219386
2024-08-29,45693.29,45741.05,45550.74,45726.51,21979661
2024-08-30,45678.22,45853.51,45534.1,45636.84,28987175
2024-08-31,45750.71,46054.88,45595.82,45855.28,16215329
2024-09-01,46423.97,46445.27,46322.19,46379.85,46984509
2024-09-02,45816.48,45957.54,45619.47,45872.01,48808751
2024-09-03,46900.97,46972.45,46521.4,46697.38,45770809
2024-09-04,45783.28,45870.22,45624.39,45797.75,14293901
2024-09-05,46502.91,46604.26,46291.19,46430.33,14709743
2024-09-06,45384.06,45675.47,45005.56,45328.08,21208129
2024-09-07,45331.67,45378.91,44787.08,45184.66,14896372
2024-09-08,45877.77,45946.06,45724.98,45847.56,46924324
2024-09-09,45932.27,46064.65,45815.59,45948.87,5633147
2024-09-10,45844.33,46024.17,45829.55,45900.69,23581240
2024-09-11,45964.84,46135.54,45924.05,45924.38,3966875
2024-09-12,46767.06,46793.05,46537.51,46590.07,49684621
2024-09-13,46686.04,46950.6,46361.17,46914.7,42998650
2024-09-14,46414.47,47054.56,46380.27,46817.35,49522857
2024-09-15,46931.52,47055.65,46606.95,46644.08,10083608
2024-09-16,47176.7,47330.14,47164.19,47219.08,7920267
2024-09-17,47132.96,47547.05,46913.67,47432.19,46011417
2024-09-18,47339.64,47984.75,47311.28,47767.05,6132725
2024-09-19,46999.36,47246.2,46810.85,47006.48,34190577
2024-09-20,47847.11,47896.22,47766.43,47885.3,35156918
2024-09-21,48202.09,48618.23,47765.66,47984.19,28605285
2024-09-22,48564.42,48745.05,48351.7,48655.28,15717938
2024-09-23,49652.72,49788.52,49370.54,49502.52,29766445
2024-09-24,49890.45,49942.53,49430.43,49560.39,31209410
2024-09-25,49614.25,49906.59,49525.75,49758.88,6602075
2024-09-26,50607.18,50712.01,50239.59,50358.76,48299986
2024-09-27,50791.15,50940.33,50712.07,50744.45,40235001
2024-09-28,50905.68,51064.58,50836.31,51039.54,29165918
2024-09-29,50991.9,51293.72,50825.45,51202.56,1151959
2024-09-30,51305.2,51337.44,50935.4,51124.04,21979173
2024-10-01,51428.19,51551.98,51098.59,51144.76,45776665
2024-10-02,51348.55,51714.25,51132.77,51306.33,20026214
2024-10-03,51952.67,52196.04,51894.88,51993.51,6495747
2024-10-04,52298.34,52594.82,52198.52,52430.76,16053229
2024-10-05,51892.53,52093.66,51883.31,52012.11,18083615
2024-10-06,52016.42,52257.32,51800.93,52132.7,39731611
2024-10-07,52400.09,52481.73,51858.81,51875.43,20080251
2024-10-08,51532.74,51758.2,51438.29,51737.74,47373012
2024-10-09,51405.98,51585.01,50900.01,50934.44,18694257
2024-10-10,51384.77,51476.94,51295.56,51297.0,16682209
2024-10-11,51304.79,51371.8,51182.95,51319.16,40516064
2024-10-12,51847.68,51991.51,51684.06,51800.38,33329293
2024-10-13,51739.49,51898.97,51695.46,51880.2,44315871
2024-10-14,52018.61,52075.23,51756.46,51831.98,29610919
2024-10-15,52774.34,52960.86,52545.79,52899.64,29007904
2024-10-16,52190.47,52312.35,52039.5,52151.46,2347205
2024-10-17,51271.38,51729.5,51235.17,51521.01,42377223
2024-10-18,51891.11,52047.47,51701.33,52004.51,48443341
2024-10-19,52215.9,52396.87,52195.02,52317.13,43301355
2024-10-20,51619.68,51669.55,51214.04,51588.6,9823275
2024-10-21,51018.72,51188.89,50805.43,50859.13,46027476
2024-10-22,50707.84,50854.86,50226.74,50540.83,18300241
2024-10-23,51478.27,51637.19,51011.76,51151.29,48705510
2024-10-24,51284.89,51356.8,51190.82,51256.73,49444248
2024-10-25,51588.07,52038.22,51574.47,51838.87,48086808
2024-10-26,51870.56,52008.68,51709.01,51789.71,44634193
2024-10-27,52002.35,52336.48,51969.56,52166.06,33412871
2024-10-28,51213.02,51505.85,50974.23,51343.56,24407150
2024-10-29,50857.43,51202.37,50837.64,50992.44,40137795
2024-10-30,50054.24,50299.0,50017.8,50046.54,8572078
2024-10-31,50261.0,50655.89,49976.46,50451.18,22217344
2024-11-01,50457.05,50661.17,50412.3,50583.15,42978991
2024-11-02,49587.21,49703.96,49374.73,49605.76,2494150
2024-11-03,49307.64,49587.06,48948.42,49002.33,32790399
2024-11-04,48712.07,49081.83,48364.95,48843.23,27174139
2024-11-05,49195.26,49520.28,49008.8,49246.45,14056414
2024-11-06,49796.36,50136.79,49712.0,49931.17,28089331
2024-11-07,50080.18,50299.55,49845.19,50167.22,35467829
2024-11-08,50483.86,50554.63,50133.66,50412.52,4104265
2024-11-09,50076.14,50446.55,49956.84,49962.5,29823243
2024-11-10,50504.84,50529.43,49837.31,50143.1,5344170
2024-11-11,50544.79,50825.22,50127.99,50216.51,8263109
2024-11-12,49852.53,49915.91,49765.54,49886.01,37905797
2024-11-13,49496.34,49496.76,49225.68,49405.32,20656719
2024-11-14,49034.36,49317.25,48990.92,49161.47,44929532
2024-11-15,49187.21,49210.62,48975.62,49100.95,32934750
2024-11-16,49354.95,49699.11,49110.01,49634.31,19462571
2024-11-17,49810.75,50064.21,49749.42,49843.53,34290670
2024-11-18,49318.74,49477.17,49072.32,49406.35,34979518
2024-11-19,49334.45,49524.31,49297.57,49460.04,45603805
2024-11-20,49554.0,50031.5,49474.34,49792.2,28717631
2024-11-21,48924.59,49294.39,48711.17,49171.93,29006944
2024-11-22,48650.79,49131.91,48525.18,48811.97,24333749
2024-11-23,50228.8,50276.84,50209.11,50226.58,47420159
2024-11-24,50024.9,50391.29,49583.54,50388.6,39583725
2024-11-25,50133.67,50636.54,49924.95,50515.55,21937411
2024-11-26,50191.28,50325.93,49991.55,50100.91,10641353
2024-11-27,49452.73,49729.46,49295.35,49483.99,42161398
2024-11-28,49511.32,49907.62,49366.13,49785.93,4827554
2024-11-29,48566.13,49129.22,48506.53,48796.52,27830821
2024-11-30,48349.68,48517.07,48337.04,48435.12,45308244
2024-12-01,48657.75,48737.72,48439.17,48533.23,10719204
2024-12-02,48344.61,48545.55,48094.39,48210.56,45542616
2024-12-03,48109.86,48242.36,47913.11,48142.61,2760742
2024-12-04,48472.95,48805.97,48034.67,48310.78,15578043
2024-12-05,47705.92,47787.44,47167.54,47570.87,32427661
2024-12-06,47202.06,47276.51,46893.06,47230.35,37771981
2024-12-07,47017.45,47214.08,46862.55,47046.76,42699988
2024-12-08,46823.08,46975.77,46734.02,46935.52,4734350
2024-12-09,46328.02,46656.23,46209.86,46469.44,15026493
2024-12-10,46897.76,47005.04,46558.69,46636.68,23409891
2024-12-11,45846.08,46403.13,45609.08,46096.89,22649724
2024-12-12,45444.48,45923.51,45311.7,45702.21,48773276
2024-12-13,46489.71,46553.23,46489.13,46504.42,30946147
2024-12-14,46032.35,46133.53,45754.6,46066.27,46825177
2024-12-15,46357.85,46464.65,46003.77,46306.46,37011142
2024-12-16,46682.86,46685.62,46440.49,46475.28,44295526
2024-12-17,47158.54,47411.53,47086.11,47129.39,30625873
2024-12-18,46569.78,47188.01,46283.12,46995.39,20340656
2024-12-19,47065.84,47228.95,46952.79,47125.88,3649913
2024-12-20,47778.42,47816.72,47432.13,47581.43,27803109
2024-12-21,47391.23,48143.63,47318.06,47861.99,16175713
2024-12-22,47681.43,47905.38,47091.53,47113.62,5403159
2024-12-23,46995.72,47052.85,46831.78,46897.73,36243547
2024-12-24,47693.99,47826.7,47503.14,47658.77,43458493
2024-12-25,47249.38,47570.13,47218.79,47370.6,38172895
2024-12-26,47172.7,47442.21,46973.17,47412.98,18728480
2024-12-27,47637.93,47860.47,47512.44,47603.62,24135890
2024-12-28,46690.6,46736.41,46257.32,46438.57,14616320
2024-12-29,46510.95,46878.3,46180.11,46801.57,4726389
2024-12-30,46607.29,46672.2,46206.44,46435.84,20975885
2024-12-31,46560.18,46662.69,46192.52,46252.16,26423767
2025-01-01,46340.81,46414.79,45961.55,46042.46,43803232
2025-01-02,46627.08,46841.55,46130.4,46424.92,31227198
2025-01-03,46351.87,46704.5,46302.78,46653.43,18658172
2025-01-04,46755.69,47053.87,46698.8,46972.26,1876464
2025-01-05,46871.7,47159.72,46748.53,46984.48,12317116
2025-01-06,46826.98,47016.83,46800.56,46946.54,18770502
2025-01-07,46760.57,47001.58,46676.47,46948.19,30987504
2025-01-08,46160.57,46235.21,46150.78,46222.48,23094696
2025-01-09,46767.66,46878.5,46672.36,46857.83,35103105
2025-01-10,46386.9,46838.25,46246.68,46740.1,45923874
2025-01-11,46289.13,46583.87,46126.66,46448.38,48808496
2025-01-12,46916.28,47093.09,46418.92,46420.84,8061346
2025-01-13,46140.76,46396.1,46131.57,46279.21,18957367
2025-01-14,46761.54,46838.29,46648.35,46818.01,22552330
2025-01-15,47098.03,47137.65,46676.62,46940.02,7893789
2025-01-16,48241.62,48506.5,47984.84,48020.4,4270678
2025-01-17,47104.59,47140.74,46951.56,47016.79,9886536
2025-01-18,46937.43,47068.17,46728.44,46788.58,5015116
2025-01-19,47148.65,47298.08,46441.54,46685.63,12184284
2025-01-20,46675.96,46865.54,46237.9,46456.14,9272833
2025-01-21,45286.39,46090.18,45108.03,46048.93,46915316
2025-01-22,46217.79,46377.19,45846.0,46039.52,48840507
2025-01-23,46793.33,46859.05,46692.9,46796.83,48116300
2025-01-24,47017.63,47142.57,46726.85,46762.47,39492190
2025-01-25,46526.16,46643.74,46307.5,46458.84,34394096
2025-01-26,47322.76,47342.07,47238.77,47311.36,27240962
2025-01-27,46321.7,46895.84,46217.87,46615.69,27423242
2025-01-28,46659.56,46750.83,46608.23,46729.15,33946546
2025-01-29,46698.32,46832.35,46286.77,46374.61,21290813
2025-01-30,46055.06,46231.37,45862.92,46010.6,1280506
2025-01-31,46406.96,46555.85,46114.22,46244.42,7850114
2025-02-01,45736.72,46226.55,45588.02,45972.91,16288211
2025-02-02,46248.58,46478.43,46147.58,46266.37,14354456
2025-02-03,46397.57,46417.23,46031.53,46146.05,32405931
2025-02-04,46007.49,46180.51,45697.3,45876.06,41851250
2025-02-05,45575.79,45618.34,45251.04,45255.06,45309199
2025-02-06,46184.07,46973.55,46042.2,46730.56,41033427
2025-02-07,46766.56,46872.31,46701.26,46757.88,47997241
2025-02-08,46610.99,46991.47,46479.24,46902.49,18470259
2025-02-09,45998.59,46174.88,45451.27,45767.07,30494974
2025-02-10,46509.94,46947.54,46332.08,46386.31,9333945
2025-02-11,47502.61,47542.53,47189.15,47317.46,42565254
2025-02-12,47815.0,47908.34,47731.62,47823.8,30849074
2025-02-13,48196.74,48340.89,47958.22,48094.39,5038850
2025-02-14,47692.1,47920.86,47638.59,47860.85,17070489
2025-02-15,48191.91,48479.85,47947.65,48317.1,32019413
2025-02-16,47844.82,48311.24,47666.22,47726.18,16705678
2025-02-17,47489.06,47964.33,47391.64,47740.64,28618715
2025-02-18,48047.3,48179.45,47857.05,47934.58,39595575
2025-02-19,47970.75,48050.88,47719.07,47771.96,9914501
2025-02-20,48347.87,48391.43,47671.93,47817.52,17814065
2025-02-21,48312.09,48342.38,48126.02,48150.12,26816636
2025-02-22,48710.62,48919.63,48702.6,48914.86,37993334
2025-02-23,49131.41,49748.34,49059.04,49326.12,14758967
2025-02-24,49749.29,49941.04,49738.87,49804.36,43601066
2025-02-25,50269.5,50446.64,49893.36,50391.57,24304067
2025-02-26,50882.83,50915.04,50759.57,50910.89,26043340
2025-02-27,50863.82,50879.05,50711.54,50733.07,36834390
2025-02-28,50734.63,50746.25,50409.53,50565.5,8234557
2025-03-01,49916.82,50021.86,49722.23,49806.25,35181981
2025-03-02,49883.64,49904.42,49704.11,49798.65,37689220
2025-03-03,48672.16,48781.96,48209.26,48318.43,21406626
2025-03-04,47761.97,47795.91,47601.65,47709.45,28369237
2025-03-05,47091.81,47354.93,46979.05,47262.73,20806293
2025-03-06,47502.39,47992.99,47297.21,47889.94,18887195
2025-03-07,48525.49,48525.87,48305.23,48340.95,48714521
2025-03-08,48952.14,49111.51,48855.87,48910.41,22324729
2025-03-09,49072.51,49323.76,48841.77,48885.94,23903260
2025-03-10,48319.12,48428.21,48193.88,48305.22,31252647
2025-03-11,48910.86,48932.06,48796.89,48894.27,3595914
2025-03-12,49196.67,49346.57,49079.34,49099.91,44716418
2025-03-13,48962.39,49291.95,48847.19,49053.75,15728545
2025-03-14,49618.62,49706.45,49134.49,49269.72,40096317
2025-03-15,50412.51,50478.85,49991.28,50110.83,11086486
2025-03-16,49965.3,50452.64,49876.31,50378.87,38096372
2025-03-17,50554.29,50752.35,50173.81,50297.6,47297586
2025-03-18,50380.82,50521.86,50272.69,50461.19,20202647
2025-03-19,51723.4,52142.32,51679.67,51702.79,6075217
2025-03-20,51697.86,51930.7,51429.54,51452.25,43456947
2025-03-21,50876.0,50901.27,50692.83,50780.52,7658922
2025-03-22,50697.77,51222.39,50632.75,50951.91,18391892
2025-03-23,50605.12,50918.45,50490.14,50726.03,38154469
2025-03-24,49470.79,49948.57,49280.52,49882.25,34415775
2025-03-25,49415.14,50060.01,49350.34,49896.04,39877521
2025-03-26,48760.62,49287.18,48738.76,49248.52,10280661
2025-03-27,48787.46,49177.43,48518.96,48682.58,2546704
2025-03-28,47581.67,47641.1,47391.83,47566.95,4203714
2025-03-29,47075.02,47085.3,46749.15,47070.97,36904516
2025-03-30,47124.22,47740.99,46996.03,47620.53,29996314
2025-03-31,47833.77,47954.72,47785.34,47906.71,44633741
2025-04-01,48899.74,48968.37,48290.63,48396.95,40963892
2025-04-02,47947.6,48230.71,47497.01,47603.39,31593807
2025-04-03,48432.32,48464.1,48343.87,48445.76,5372751
2025-04-04,48573.27,48917.51,48265.69,48655.75,10976009
2025-04-05,48970.03,49202.65,48803.05,49198.69,30081227
2025-04-06,49488.91,49602.47,49052.46,49402.91,17275718
2025-04-07,50488.47,50855.79,50425.56,50439.86,2695084
2025-04-08,50811.92,51091.5,50788.95,50933.26,3173198
2025-04-09,50285.13,50650.14,50282.57,50332.54,37962081
2025-04-10,51181.79,51391.3,50459.97,50888.28,27108454
2025-04-11,51572.89,51799.38,51425.63,51609.67,36188296
2025-04-12,51725.91,51818.81,51717.13,51736.53,19759759
2025-04-13,51925.24,52259.63,51764.44,52195.96,38364619
2025-04-14,52920.77,52994.47,52558.9,52692.89,46177252
2025-04-15,52284.52,52309.45,51963.28,52026.38,18327472
2025-04-16,52300.64,52556.72,51930.17,52130.38,12254675
2025-04-17,52071.1,52141.57,51843.69,51863.77,44806943
2025-04-18,52420.12,52777.15,52192.86,52244.73,32738156
2025-04-19,53355.77,53583.19,52874.04,53065.87,9978675
2025-04-20,52844.73,53259.98,52723.99,52940.97,18384211
2025-04-21,52668.67,53217.16,52559.6,53135.97,7264941
2025-04-22,54198.09,54222.88,54096.86,54131.57,23107687
2025-04-23,54079.35,54099.25,53857.71,53894.17,48613183
2025-04-24,54443.02,54646.64,54364.36,54425.24,11044495
2025-04-25,54530.88,54537.31,54212.12,54449.83,43597703
2025-04-26,54527.55,54714.94,54141.33,54241.92,31406736
2025-04-27,54316.02,54402.63,54186.23,54213.21,1988949
2025-04-28,54111.27,54165.45,53995.84,54109.86,36263942
2025-04-29,53444.04,53602.78,53359.74,53455.78,16699040
2025-04-30,53905.59,54085.04,53566.03,53686.21,2155667
2025-05-01,53302.74,53307.08,53100.21,53225.47,42134922
2025-05-02,53101.84,53277.75,52719.27,52759.47,37614119
2025-05-03,52997.35,53197.09,52871.31,53085.38,21282773
2025-05-04,53325.17,53528.98,53254.88,53437.84,22881107
2025-05-05,53433.31,53787.95,53249.02,53719.36,14120794
2025-05-06,53546.93,54126.39,53537.28,53952.38,26046047
2025-05-07,53424.64,53511.56,53242.36,53403.29,30466699
2025-05-08,53302.63,53604.76,53186.1,53242.62,22304552
2025-05-09,52719.13,53335.79,52702.46,53264.69,22972093
2025-05-10,53580.83,53600.14,53513.82,53573.11,27041077
2025-05-11,53420.48,53472.01,53256.24,53401.39,2508155
2025-05-12,53883.27,54056.95,53502.06,53647.02,5085028
2025-05-13,52639.01,52714.68,52532.05,52593.97,32946016
2025-05-14,53044.41,53115.69,52703.92,52797.61,4561942
2025-05-15,52752.09,52891.83,52274.0,52470.57,31259062
2025-05-16,52910.93,53040.43,52488.8,52661.91,28805975
2025-05-17,52679.28,52995.87,52583.02,52829.26,13452018
2025-05-18,53461.74,53645.42,53254.37,53350.92,15083347
2025-05-19,53504.97,53597.15,53132.76,53277.84,2397248
2025-05-20,53764.5,53960.62,53717.44,53864.67,4499358
2025-05-21,53807.81,54152.58,53705.25,54008.46,17758875
2025-05-22,53997.58,54015.0,53699.44,53891.46,40700468
2025-05-23,54151.24,54494.93,53896.0,54342.72,17019766
2025-05-24,55083.94,55117.96,54582.89,54625.39,8166536
2025-05-25,55015.94,55114.35,54905.72,54973.43,47419809
2025-05-26,55080.42,55238.37,54835.54,55224.72,14190028
2025-05-27,54864.66,54942.82,54659.89,54933.63,1195134
2025-05-28,54153.16,54334.56,54127.95,54263.47,20311542
2025-05-29,54446.4,54549.94,53915.24,54113.96,34178026
2025-05-30,53740.29,53815.99,53464.37,53662.67,28052123
2025-05-31,53023.41,53166.56,52991.27,53153.03,16704741
2025-06-01,52428.84,53258.41,52406.4,53071.93,32958514
2025-06-02,53076.42,53192.57,52684.12,52902.36,21161506
2025-06-03,52737.19,52746.31,52621.95,52660.09,21308204
2025-06-04,53668.54,53973.51,53286.96,53405.43,7505054
2025-06-05,53206.57,53313.91,52761.34,52961.57,21348630
2025-06-06,52853.01,53074.01,52433.35,52730.51,5205830
2025-06-07,52911.4,53007.92,52631.61,52651.46,20967017
2025-06-08,52578.1,52608.45,52191.65,52530.94,35665256
2025-06-09,52209.88,52658.37,52138.74,52554.53,33035411
2025-06-10,52874.27,52925.78,52672.84,52860.59,48569693
2025-06-11,52460.39,52770.16,52445.72,52757.72,23741985
2025-06-12,52505.98,52707.4,52498.54,52632.98,27588174
2025-06-13,52781.71,52903.76,52623.97,52819.45,33468115
2025-06-14,52784.18,53214.25,52651.66,52986.01,45901164
2025-06-15,53045.52,53277.2,52958.44,53261.8,15172149
2025-06-16,52852.09,53042.78,52681.46,52736.92,45580768
2025-06-17,52740.04,52803.18,52642.97,52657.74,38217337
2025-06-18,52814.35,52914.83,52567.45,52754.71,37358530
2025-06-19,53626.17,53767.38,53018.41,53085.83,39745524
2025-06-20,53444.49,53616.77,53394.86,53576.08,8788212
2025-06-21,53356.59,53484.87,53245.49,53294.63,46965050
2025-06-22,53722.57,53903.58,53289.0,53828.18,45285328
2025-06-23,53377.07,53586.36,53359.48,53371.46,30645429
2025-06-24,53333.95,53714.8,53324.87,53627.18,44186390
2025-06-25,53056.42,53494.76,52979.67,53374.8,6052810
2025-06-26,53506.76,53629.54,53360.9,53563.62,42864973
2025-06-27,53457.85,53551.68,53420.27,53455.55,7539918
2025-06-28,53033.91,53154.7,53013.36,53128.26,28605930
2025-06-29,52711.14,52917.0,52638.16,52745.3,24970439
2025-06-30,52559.31,52749.92,52518.31,52557.59,48550518
2025-07-01,52967.42,53017.7,52736.6,52955.57,27109993
2025-07-02,53416.93,53560.09,53170.93,53249.5,17724551
2025-07-03,52971.31,53042.28,52781.53,52991.75,23214383
2025-07-04,52476.79,52561.91,52262.08,52547.5,34650236
2025-07-05,52888.14,53076.7,52844.64,53022.07,28256691
2025-07-06,52747.21,52916.07,52627.56,52874.48,10292485
2025-07-07,53308.31,53450.66,53277.63,53370.71,41102863
2025-07-08,52144.52,52247.43,51821.75,51937.1,48954048
2025-07-09,52213.02,52417.93,52117.57,52263.39,37628413
2025-07-10,52328.32,52337.22,52191.7,52256.56,43669556
2025-07-11,52317.48,52555.62,51964.96,52198.33,20002510
2025-07-12,51182.34,51541.79,50879.19,51444.42,7243183
2025-07-13,52163.91,52312.94,51774.23,51864.52,43548386
2025-07-14,51942.63,52020.29,51842.92,51976.19,33301722
2025-07-15,52542.93,52861.05,52443.08,52481.91,45177262
2025-07-16,51604.34,52349.61,51527.27,52236.79,41923437
2025-07-17,52181.51,52517.25,52017.22,52360.49,9986283
2025-07-18,52913.81,52965.58,52694.53,52818.87,16518940
2025-07-19,53413.82,53607.63,52782.06,53099.65,12583748
2025-07-20,51878.96,52290.15,51498.69,52049.92,19300969
2025-07-21,50834.4,51077.85,50770.05,51072.79,23291568
2025-07-22,51071.24,51247.94,50884.36,51015.42,32560759
2025-07-23,51917.68,51921.18,51344.71,51583.82,34054062
2025-07-24,51711.76,51724.97,51378.16,51446.59,32697934
2025-07-25,52085.65,52316.26,52014.12,52232.13,3359604
2025-07-26,52009.67,52573.58,51963.4,52286.03,43453230
2025-07-27,51737.99,52135.43,51710.12,51870.59,30085815
2025-07-28,52728.02,52817.25,52466.51,52499.87,2429978
2025-07-29,52166.86,52377.98,51892.45,52294.96,3727197
2025-07-30,52088.21,52482.82,51776.19,52324.22,7008157
2025-07-31,51920.44,52066.09,51852.27,52043.75,18201257
2025-08-01,52043.33,52122.45,51799.96,51938.15,45363482
2025-08-02,51835.83,52056.11,51695.11,51891.89,20674359
2025-08-03,52174.75,52394.95,51962.66,52237.94,15771142
2025-08-04,52496.37,52600.02,52091.71,52258.77,1888439
2025-08-05,51708.62,52304.2,51560.84,52069.88,46175881
2025-08-06,52134.88,52221.36,51764.09,51993.66,29102443
2025-08-07,51870.44,52223.93,51790.97,51971.72,31210817
2025-08-08,51721.25,51749.25,51465.66,51649.97,7908698
2025-08-09,51890.16,52019.43,51640.81,51977.76,19393693
2025-08-10,52080.33,52225.26,51908.53,52107.72,16589759
2025-08-11,52140.47,52262.74,51849.03,52065.81,42424438
2025-08-12,52615.79,52757.49,52562.36,52744.26,21046635
2025-08-13,52433.37,52451.71,51917.78,52258.96,8206826
2025-08-14,52785.63,52863.63,52355.97,52383.11,28889771
2025-08-15,52587.81,52701.58,52462.36,52542.6,19170320
2025-08-16,53152.59,53304.15,53093.77,53247.23,25163107
2025-08-17,53314.31,53884.44,53141.88,53593.97,40257440
2025-08-18,53202.47,53403.99,53148.58,53337.58,30514966
2025-08-19,53738.84,53839.32,53624.31,53786.82,31385058
2025-08-20,54332.56,54463.18,53910.95,54217.25,1512882
2025-08-21,53987.53,54037.13,53697.3,53719.85,23017990
2025-08-22,54498.94,54568.06,54113.49,54343.55,9906411
2025-08-23,53971.15,54585.34,53815.88,54340.62,12333443
2025-08-24,54124.91,54401.9,54118.66,54309.53,7831740
2025-08-25,53437.51,53588.48,53254.54,53545.86,33083719
2025-08-26,53041.17,53538.56,52967.53,53399.5,5663531
2025-08-27,53040.66,53307.66,52989.39,53128.56,11797437
2025-08-28,53972.58,54160.53,53733.55,54106.76,1025450
2025-08-29,53822.54,53844.51,53730.69,53828.5,27204852
2025-08-30,54250.63,54331.49,54008.81,54164.6,37765810
2025-08-31,53992.11,54246.31,53925.42,54127.31,5610499
2025-09-01,54187.98,54247.86,54154.97,54199.6,41548997
2025-09-02,53841.61,54048.76,53714.08,54013.95,22669217
2025-09-03,54577.58,54733.48,54217.84,54375.36,6052460
2025-09-04,53873.97,53964.82,53497.92,53622.64,41961913
2025-09-05,53416.85,53440.7,53327.39,53417.81,42755583
2025-09-06,52571.19,52791.29,52517.05,52545.08,21558631
2025-09-07,53182.82,53355.33,52827.42,52959.93,13657772
2025-09-08,52841.77,52858.29,52721.2,52739.43,49936983
2025-09-09,52014.9,52172.4,51655.87,51892.45,43424239
2025-09-10,52319.08,52460.44,52064.91,52150.57,21903611
2025-09-11,52271.55,52389.16,52102.81,52122.93,43650567
2025-09-12,51912.6,51977.05,51641.66,51649.39,20150926
2025-09-13,51762.41,51854.34,51476.61,51549.26,28309924
2025-09-14,50948.96,50979.41,50712.68,50807.17,48640101
2025-09-15,50277.15,50590.94,50245.21,50497.23,23875540
2025-09-16,50850.28,51191.42,50497.92,50548.03,27155823
2025-09-17,50203.72,50443.21,50083.47,50405.28,6659210
2025-09-18,50779.48,51006.14,50426.97,50741.71,38114242
2025-09-19,50563.86,50626.45,50520.78,50581.55,27437965
2025-09-20,50548.25,50652.59,50460.1,50520.21,16932404
2025-09-21,51102.6,51118.03,50975.69,51071.83,42151646
2025-09-22,51230.63,51452.51,50973.12,51412.3,42503149
2025-09-23,50571.71,51166.13,50497.88,50989.33,39084626
2025-09-24,51057.8,51134.98,50978.26,51051.66,42186911
2025-09-25,51279.27,51329.01,50625.53,50747.84,2423314
2025-09-26,50420.99,50722.75,50346.2,50656.01,3350511
2025-09-27,50332.11,50621.03,50127.85,50437.01,42752293
2025-09-28,50146.33,50188.4,49673.86,49746.63,31593928
2025-09-29,48784.07,49191.62,48556.9,49022.86,46747502
2025-09-30,49093.54,49284.74,48697.11,48872.13,22276903
2025-10-01,49342.54,49484.31,48774.79,48951.26,14387230
2025-10-02,49514.01,49661.19,48826.5,48890.81,22821785
2025-10-03,48424.67,48541.68,48043.77,48204.9,8591623
2025-10-04,48817.22,48960.14,48740.6,48936.18,26812450
2025-10-05,49235.24,49558.59,48989.51,49076.27,22937326
2025-10-06,48823.02,49071.39,48575.28,49019.44,31790252
2025-10-07,48802.56,48838.69,48312.24,48518.11,27492477
2025-10-08,48732.37,49238.56,48609.74,48884.35,4802365
2025-10-09,49228.33,49430.98,48850.57,48859.29,25964855
2025-10-10,49184.12,49534.06,48985.2,49251.41,17517515
2025-10-11,48672.28,48827.64,48514.04,48789.56,28638665
2025-10-12,48627.44,48693.19,48620.14,48667.4,30054263
2025-10-13,47948.02,48024.84,47800.26,47931.13,46042972
2025-10-14,47899.36,48516.73,47894.8,48221.8,7301040
2025-10-15,47944.61,48012.47,47763.57,47812.04,2812794
2025-10-16,46963.22,47138.8,46924.86,46947.45,7495503
2025-10-17,46333.48,46452.28,45980.68,46421.85,22408708
2025-10-18,45880.6,46032.22,45705.44,45938.97,12900272
2025-10-19,45693.91,45832.72,45621.36,45776.89,4912926
2025-10-20,45674.7,45919.48,45481.98,45742.7,32387242
2025-10-21,46095.57,46151.14,45798.37,45821.6,16455638
2025-10-22,45663.53,45911.75,45532.07,45722.36,31322743
2025-10-23,46275.69,46387.04,46132.41,46168.7,1478932
2025-10-24,45889.9,46081.25,45850.7,45877.0,36490788
2025-10-25,45538.96,45599.64,45321.39,45392.06,10219766
2025-10-26,45391.0,45394.53,45067.97,45091.42,28144735
2025-10-27,45205.65,45322.64,44999.85,45010.88,27927969
2025-10-28,45396.9,45581.56,45050.34,45334.39,22929029
2025-10-29,45502.27,45557.4,45166.33,45214.87,5567380
2025-10-30,44167.7,44350.84,44113.46,44169.87,1442117
2025-10-31,44109.11,44454.08,43933.25,44214.26,21982496
2025-11-01,43587.94,43925.21,43540.64,43892.98,14107608
2025-11-02,43901.37,44241.93,43769.32,44125.21,13839069
2025-11-03,43361.07,44008.83,43270.2,43786.44,30250052
2025-11-04,44256.54,44366.71,44128.2,44207.89,34694242
2025-11-05,44803.58,45060.2,44551.4,44633.93,19465196
2025-11-06,44541.76,44717.48,44366.96,44442.06,23133189
2025-11-07,44414.01,44428.0,44178.0,44404.48,44465998
2025-11-08,43985.47,44308.76,43825.64,44120.26,34882748
2025-11-09,44455.25,44783.87,44422.97,44729.16,40405632
2025-11-10,44490.99,44544.65,44325.13,44499.15,12213569
2025-11-11,44036.33,44180.51,43958.06,44149.53,46590670
2025-11-12,45077.53,45181.76,44745.37,44775.25,38452338
2025-11-13,44006.04,44443.66,43948.6,44223.14,46549920
2025-11-14,43697.0,43706.91,43493.83,43532.37,24469175
2025-11-15,43506.07,43761.94,43504.03,43635.17,23078146
2025-11-16,43025.33,43396.07,42857.44,43239.44,36385821
2025-11-17,43913.1,44173.22,43719.27,43741.77,43447308
2025-11-18,43201.59,43470.25,42772.52,43111.63,45028034
2025-11-19,43519.25,43585.43,43376.54,43430.15,18147630
2025-11-20,43518.42,43795.51,43030.69,43730.69,48259676
2025-11-21,44146.06,44186.08,43660.08,43744.43,28194405
2025-11-22,44141.96,44403.89,44031.74,44303.7,5365825
2025-11-23,44594.21,45010.22,44181.5,44382.37,38150439
2025-11-24,44796.2,45042.94,44678.47,44949.19,22795287
2025-11-25,44623.37,44684.46,44523.79,44559.32,41796788
2025-11-26,44899.29,44926.0,44692.43,44866.7,27420622
2025-11-27,44548.85,44674.13,44479.17,44545.07,11382254
2025-11-28,44328.07,44472.96,44097.37,44364.06,35807445
2025-11-29,44605.14,44790.28,44574.35,44726.76,34744816
2025-11-30,44907.97,45106.75,44856.76,45074.51,40501872
2025-12-01,45589.83,45682.67,45227.28,45420.93,3593208
2025-12-02,45550.81,45753.67,45383.62,45683.72,44134051
2025-12-03,46403.45,46561.4,46202.44,46440.66,44497483
2025-12-04,48013.69,48164.13,47417.81,47718.44,28539023
2025-12-05,47381.2,47529.05,47134.4,47436.17,31284176
2025-12-06,46764.55,47082.61,46680.99,46962.38,3927924
2025-12-07,46667.24,47006.89,46549.02,46754.36,49745960
2025-12-08,46705.93,47160.4,46601.33,46989.87,29105371
2025-12-09,47410.39,47702.54,47301.45,47561.93,11594438
2025-12-10,47463.57,47540.48,46990.72,47312.05,1995876
2025-12-11,47452.53,47664.51,47162.76,47349.76,39968024
2025-12-12,47926.52,48080.33,47790.52,47840.29,16305523
2025-12-13,47797.0,48114.08,47484.86,47742.27,13808726
2025-12-14,47871.75,47933.35,47767.4,47846.27,5777235
2025-12-15,47845.16,48057.87,47509.89,47599.37,7612369
2025-12-16,48416.02,48662.93,47922.55,48037.1,22185284
2025-12-17,48583.5,48834.96,48576.06,48752.14,28271903
2025-12-18,49254.15,49489.93,49002.46,49091.67,18700054
2025-12-19,49384.02,49849.53,49082.98,49635.59,23847691
2025-12-20,49573.71,49689.19,49365.82,49614.85,4855816
2025-12-21,50500.54,50587.16,50446.28,50494.44,22111965
2025-12-22,50976.72,51077.89,50239.85,50545.83,35325841
2025-12-23,50864.23,51474.94,50701.7,51297.58,48937715
2025-12-24,52245.38,52385.82,51858.73,51970.4,16100074
2025-12-25,52702.58,52720.13,52282.08,52605.23,10335254
2025-12-26,51924.65,52063.4,51756.83,52034.33,32534191
2025-12-27,51945.92,52126.62,51832.66,52036.06,40580598
2025-12-28,52421.42,52748.55,52194.88,52665.89,22151189
2025-12-29,53466.9,53487.1,53446.46,53478.9,47481336
2025-12-30,53226.78,53421.19,53191.01,53364.26,37517329
2025-12-31,52422.1,52634.61,52323.62,52531.19,5257524
2026-01-01,51669.79,51936.25,51385.09,51869.48,15643930
2026-01-02,51300.36,51394.42,51187.61,51257.88,12341776
2026-01-03,51806.49,51893.67,51411.18,51457.89,10664117
2026-01-04,51728.58,51793.35,51025.11,51455.28,42336233
2026-01-05,52159.55,52446.3,52103.13,52429.97,47480007
2026-01-06,52758.17,52815.66,52755.01,52777.81,16451462
2026-01-07,53260.98,53428.92,52781.21,52937.02,33519360
2026-01-08,53207.94,53348.82,52488.97,52740.28,2162376
2026-01-09,52755.82,52826.15,52511.34,52639.94,31463169
2026-01-10,53408.02,53576.0,53091.17,53344.9,4208108
2026-01-11,53780.49,53865.48,53686.22,53792.8,6750469
2026-01-12,53872.83,54258.46,53539.11,54025.84,41124383
2026-01-13,54842.87,54864.9,54801.84,54822.26,9934742
2026-01-14,54370.22,54533.62,54249.41,54309.24,20807457
2026-01-15,54155.78,54423.34,54010.87,54276.46,21881399
2026-01-16,55881.43,55987.23,55517.13,55540.17,9611011
2026-01-17,55093.97,55231.33,55072.4,55132.65,45488614
2026-01-18,54403.21,54610.16,54348.8,54445.94,46606675
2026-01-19,55017.63,55051.83,54965.38,54969.88,31699956
2026-01-20,56253.69,56370.15,55881.36,56169.2,27899677
2026-01-21,56351.44,56609.99,56069.35,56247.03,3693016
2026-01-22,56841.76,56941.27,56456.79,56509.08,12357796
2026-01-23,56432.76,57013.42,56219.35,56601.53,48950621
2026-01-24,56474.6,57029.12,56344.69,56686.5,33125685
2026-01-25,56842.43,57100.73,56650.03,57036.3,25842809
2026-01-26,56309.75,56707.87,56223.4,56526.32,10893757
2026-01-27,56759.64,56869.98,56604.46,56847.61,27136033
2026-01-28,56660.66,57086.58,56641.53,56871.9,49461049
2026-01-29,56341.99,56460.75,56180.52,56384.27,35322693
2026-01-30,56410.39,56544.73,56123.59,56217.31,16507672
2026-01-31,57252.85,57509.24,56998.54,57307.57,8459497
2026-02-01,57765.94,57833.08,57430.24,57585.25,16388252
2026-02-02,57510.84,57662.48,57477.04,57575.18,15430885
2026-02-03,57658.15,57848.15,57422.43,57551.44,47138845
2026-02-04,57980.17,58040.91,57601.48,57697.66,18319305
2026-02-05,57492.42,57769.38,57325.83,57768.67,5672301
2026-02-06,57496.95,57612.93,57364.61,57411.23,24726953
2026-02-07,57119.51,57200.67,57055.45,57139.51,41514033
2026-02-08,58259.38,58270.78,58201.72,58203.48,24792692
2026-02-09,58213.6,58406.25,58147.87,58273.67,5080289
2026-02-10,58346.57,58499.45,58250.21,58474.92,35054978
2026-02-11,58419.07,58610.58,58368.61,58412.22,49831249
2026-02-12,58584.68,58811.8,58409.57,58555.2,33074389
2026-02-13,57687.36,57778.72,57600.57,57622.98,5844709
2026-02-14,58055.92,58176.72,57753.1,58027.53,10311249
2026-02-15,57338.08,57607.24,57287.26,57597.47,8441438
2026-02-16,57374.81,57422.96,56915.28,57212.33,8465076
2026-02-17,57430.28,57718.68,57332.09,57494.44,19024478
2026-02-18,57481.86,57764.09,57204.22,57372.38,36260963
2026-02-19,57396.52,57539.89,57341.77,57362.15,22554173
2026-02-20,56696.08,57272.56,56679.8,56936.04,29676516
2026-02-21,57249.66,57764.54,57202.33,57608.2,33209255
2026-02-22,57635.32,57754.59,57401.06,57738.49,32119273
2026-02-23,57836.42,58034.13,57697.36,57869.04,2336967
2026-02-24,57995.16,58068.22,57808.34,57941.97,5741104
2026-02-25,57998.2,58250.26,57921.67,57989.21,37992050
2026-02-26,57495.74,57641.09,57405.16,57623.97,35424364
2026-02-27,57007.99,57020.68,56925.31,56930.97,33233188
2026-02-28,56559.37,56644.78,56193.78,56440.43,42454092
2026-03-01,56285.75,56450.67,56093.1,56369.73,5082411
2026-03-02,55971.94,56508.01,55865.61,56218.21,6639186
2026-03-03,56102.97,56312.76,56094.14,56254.91,21143620
2026-03-04,55129.58,55252.14,54868.92,55190.22,48850117
2026-03-05,54318.1,54336.53,54130.18,54305.59,23645135
2026-03-06,54240.07,54681.83,54094.8,54568.79,17469179
2026-03-07,54168.35,54325.47,53778.87,53966.84,38690818
2026-03-08,54634.71,54825.45,54463.28,54629.28,7257562
2026-03-09,54005.64,54152.52,53818.15,53932.9,49681642
2026-03-10,54113.51,54436.22,53963.97,54400.88,15245365
2026-03-11,55062.4,55317.51,55030.91,55291.73,6754295
2026-03-12,55871.78,56083.13,55746.14,55928.68,11197329
2026-03-13,56147.12,56170.95,55969.97,56115.5,11617087
2026-03-14,56471.32,56482.1,56286.19,56407.17,47735387
2026-03-15,56688.11,56802.93,56523.86,56793.26,27167166
2026-03-16,57420.76,57659.47,57164.57,57234.75,2224230
2026-03-17,56774.81,57033.14,56741.85,56753.83,30718569
2026-03-18,57456.5,57682.87,56977.76,57626.78,7544120
2026-03-19,57981.3,58053.43,57822.98,58003.93,27899325
2026-03-20,57676.81,57724.42,57511.03,57721.94,15749342
2026-03-21,58216.05,58536.98,58003.4,58289.78,46953853
2026-03-22,58394.88,58717.16,58293.8,58425.41,33337731
2026-03-23,58273.88,58547.97,58089.04,58445.48,19682166
2026-03-24,57609.41,57803.38,57354.04,57629.32,17831513
2026-03-25,57674.53,57938.53,57457.72,57524.26,22937624
2026-03-26,57244.07,57695.53,57176.63,57527.42,41541492
2026-03-27,58459.71,58861.93,58417.2,58793.96,17540742
2026-03-28,58193.43,58389.03,58161.81,58364.81,48731174
2026-03-29,58875.44,58943.73,58566.66,58632.84,47549168
2026-03-30,58364.73,58479.4,58108.06,58260.34,6066246
2026-03-31,58344.18,58761.18,58329.5,58658.22,45266998
2026-04-01,58255.23,58309.52,57971.05,58171.64,36759663
2026-04-02,57942.57,58145.64,57890.4,58049.97,42274098
2026-04-03,57988.09,58140.31,57648.33,57819.95,19616857
2026-04-04,58179.22,58323.11,58177.56,58307.33,39185089
2026-04-05,57881.85,58011.88,57671.69,58002.15,48904280
2026-04-06,58678.16,59148.34,58612.9,58723.19,41922547
2026-04-07,58938.84,59005.39,58893.96,58996.34,29865055
2026-04-08,59232.2,59343.11,59135.98,59138.12,30371724
2026-04-09,58973.8,59070.15,58803.08,59066.79,12770748
2026-04-10,60081.82,60276.47,60044.22,60139.38,30515094
2026-04-11,60132.76,60267.58,59833.97,59992.95,34763010
2026-04-12,59154.88,59310.4,59102.76,59230.63,29138716
2026-04-13,59673.65,59779.54,59638.64,59705.64,36452810
2026-04-14,58856.88,59056.01,58511.63,59027.08,47053886
2026-04-15,58509.89,58976.89,58398.42,58881.54,37594741
2026-04-16,59079.83,59304.53,58939.47,59059.48,31846383
2026-04-17,58898.42,59168.74,58698.42,58745.21,20897620
2026-04-18,58598.55,58785.63,58210.86,58388.37,17227917
2026-04-19,58438.68,58487.13,58419.05,58483.46,1451037
2026-04-20,58798.08,58946.59,58568.38,58616.41,34727570
2026-04-21,58858.91,58996.31,58699.27,58904.11,33060530
2026-04-22,58478.51,58512.67,58022.28,58024.47,21563242
2026-04-23,56870.48,56956.99,56746.75,56823.3,6907830
2026-04-24,56925.54,57075.94,56863.13,56879.78,17186588
2026-04-25,58850.64,59280.56,58590.91,58796.08,48522658
2026-04-26,58215.94,58325.96,57887.42,58014.81,6494658
2026-04-27,57751.87,58119.81,57622.06,58053.67,10829209
2026-04-28,58265.29,58339.89,58201.46,58236.97,25930398
2026-04-29,56863.89,57447.8,56632.74,57405.43,2438419
2026-04-30,57487.55,57584.65,57187.75,57244.33,33733774
2026-05-01,57588.86,57884.31,57398.78,57817.87,32753390
2026-05-02,58803.74,58809.05,58398.32,58447.05,22302426
2026-05-03,59467.7,59489.49,59208.02,59251.65,14796187
2026-05-04,58908.68,58997.06,58639.17,58722.63,40434154
2026-05-05,58490.88,58588.62,58448.87,58459.32,5622293
2026-05-06,58403.66,58669.46,58350.56,58385.33,41455134
2026-05-07,58834.47,58993.11,58738.63,58980.09,33191593
2026-05-08,59396.17,59643.17,59316.01,59341.58,27929661
2026-05-09,59767.96,60023.24,59643.1,59660.45,5817035
2026-05-10,59162.29,59277.49,58937.47,58999.54,21845633
2026-05-11,58758.41,58819.44,58515.43,58645.29,3818282
2026-05-12,58200.7,58276.11,57964.5,58080.34,16439941
2026-05-13,58375.41,58387.62,58290.71,58304.7,27521312
2026-05-14,58489.11,58601.03,58301.83,58526.7,34667644
2026-05-15,58030.71,58422.56,57916.62,58092.5,38527811
2026-05-16,58824.25,59094.44,58756.48,58770.88,48307239
2026-05-17,58731.08,59059.82,58549.06,58964.7,10932668
2026-05-18,58907.97,59038.92,58881.59,58950.52,30080906
2026-05-19,59819.22,59909.07,59815.62,59903.05,29015548
2026-05-20,60044.14,60110.28,59910.66,60091.78,41063958
2026-05-21,59851.6,59962.16,59526.35,59829.41,11408610
2026-05-22,58656.46,59084.87,58579.27,59018.03,11791322
2026-05-23,59809.34,59977.2,59304.38,59498.62,5824967
2026-05-24,60225.44,60341.47,60085.78,60177.58,48360486
2026-05-25,59510.78,59622.43,59361.64,59593.31,5922256
2026-05-26,59610.04,59627.08,59469.75,59562.66,29608820
2026-05-27,60444.43,60533.38,60263.35,60288.1,44107179
2026-05-28,60309.41,60529.36,60080.41,60360.3,9550574
2026-05-29,61033.33,61159.28,60786.06,61137.05,41524261
2026-05-30,61830.05,61966.93,61511.29,61878.86,23551445
2026-05-31,61468.41,61698.92,61147.3,61573.35,9792682
2026-06-01,62164.62,62318.77,61673.0,61900.48,38973213
2026-06-02,62121.91,62434.59,61925.4,62255.58,17154386
2026-06-03,62386.85,62486.17,62305.1,62446.1,46270712
2026-06-04,62910.45,63535.72,62801.62,63366.63,26642061
2026-06-05,62891.09,62965.06,62711.87,62794.46,29188313
2026-06-06,61771.3,61920.44,61727.47,61853.72,7449276
2026-06-07,60919.81,61422.31,60708.77,61402.7,12999337
2026-06-08,61267.67,61314.98,61087.56,61115.51,36072270
2026-06-09,61051.33,61858.72,60989.45,61339.15,8664248
2026-06-10,60882.59,61129.0,60778.13,60949.19,35331016
2026-06-11,61804.32,61958.36,61254.6,61445.67,21871934
2026-06-12,61379.39,61570.88,61160.78,61476.9,29731711
2026-06-13,61296.1,61329.46,61090.26,61151.57,14683428
2026-06-14,60999.47,61178.16,60888.14,61105.05,18931175
2026-06-15,61002.09,61487.0,60859.25,60979.89,32570895
2026-06-16,60412.43,60968.57,60372.93,60757.52,19855586
2026-06-17,60333.64,60460.41,59925.03,60148.94,21476562
2026-06-18,60789.88,60912.43,60716.16,60889.18,17058024
2026-06-19,60661.77,60871.95,60527.12,60608.01,4128379
2026-06-20,60661.21,60842.24,60647.68,60714.16,10872795
2026-06-21,60110.85,60128.54,59912.06,60048.62,4198270
2026-06-22,59820.07,60202.89,59619.73,59930.82,44470499
2026-06-23,60015.0,60090.84,59486.22,59758.79,11588381
2026-06-24,60120.38,60440.01,59925.24,60030.06,48998827
2026-06-25,59614.33,59875.45,59482.68,59548.37,44416324
2026-06-26,59371.7,59447.87,58860.06,59160.88,41690026
2026-06-27,58425.8,58762.71,58324.15,58631.71,37208109
2026-06-28,59469.55,59748.49,58931.94,58956.8,7450311
2026-06-29,59282.83,59474.57,59237.89,59369.46,38889581
2026-06-30,58994.53,59044.92,58959.59,59020.36,11018805
2026-07-01,59284.6,59325.05,59269.73,59316.42,3429650
2026-07-02,59482.06,59932.68,59239.76,59334.22,33931312
2026-07-03,59525.41,59806.21,59382.25,59497.77,6077787
2026-07-04,59901.58,60027.69,59608.53,59865.45,2619393
2026-07-05,59018.85,59322.36,58937.1,59198.18,17365123
2026-07-06,59811.96,60007.04,59422.02,59443.12,33149488
2026-07-07,59826.85,60045.3,59775.18,60010.33,20307089
2026-07-08,59559.68,59792.21,59531.42,59730.8,31258025
2026-07-09,59705.94,60004.52,59618.28,59824.53,42368761
2026-07-10,60083.49,60126.74,59618.05,59851.34,23063081
2026-07-11,59631.56,59822.51,59361.0,59497.5,1795603
2026-07-12,59184.2,59454.02,59110.28,59434.45,20747588
2026-07-13,59220.42,59420.05,58784.48,59037.86,46418050
2026-07-14,58184.54,58420.58,58137.92,58257.41,12946753
2026-07-15,58293.35,58861.63,58280.95,58553.18,31347347
2026-07-16,59304.83,59740.18,59283.84,59571.75,3927114
2026-07-17,59799.53,60120.65,59554.72,60111.79,25924087
2026-07-18,60886.39,61174.59,60788.89,61053.97,19352076
2026-07-19,61751.69,61928.2,61615.06,61654.93,16850963
2026-07-20,61616.5,61683.33,61229.4,61415.92,27893009
2026-07-21,61538.18,61795.19,61509.38,61669.05,42756705
2026-07-22,61990.3,62117.63,61975.27,62078.62,11182549
2026-07-23,62698.9,62707.66,62234.55,62333.24,20983456
2026-07-24,62678.21,62994.83,62628.67,62646.97,6383820
2026-07-25,61854.86,61987.56,61751.58,61801.34,36656803
2026-07-26,62698.06,62912.23,62615.75,62666.87,17873430
2026-07-27,63187.98,63368.8,62732.69,62947.83,41817115
2026-07-28,63388.01,63405.1,63243.17,63263.47,47514435
2026-07-29,64063.44,64376.3,63999.85,64021.89,42318171
2026-07-30,64320.34,64537.13,64198.04,64313.41,26918740
2026-07-31,64232.45,64368.7,64136.58,64238.21,45547521
2026-08-01,63187.04,63476.25,63049.15,63414.06,29440876
2026-08-02,63442.88,63613.98,63244.86,63560.86,49225679
2026-08-03,62993.11,63445.18,62759.86,63323.17,26502831
